param_set,scale,key,s_norm_sq,failures,trials,failure_rate,seed
ML-KEM-768,5,0,764,1,150,0.0067,1234
ML-KEM-768,5,1,728,0,150,0.0,1234
ML-KEM-768,5,2,738,1,150,0.0067,1234
ML-KEM-768,5,3,757,3,150,0.02,1234
ML-KEM-768,5,4,791,1,150,0.0067,1234
ML-KEM-768,5,5,780,1,150,0.0067,1234
ML-KEM-768,5,6,747,3,150,0.02,1234
ML-KEM-768,5,7,804,2,150,0.0133,1234
ML-KEM-768,5,8,862,1,150,0.0067,1234
ML-KEM-768,5,9,802,4,150,0.0267,1234
ML-KEM-768,5,10,795,2,150,0.0133,1234
ML-KEM-768,5,11,796,2,150,0.0133,1234
ML-KEM-768,5,12,849,3,150,0.02,1234
ML-KEM-768,5,13,808,2,150,0.0133,1234
ML-KEM-768,5,14,749,3,150,0.02,1234
ML-KEM-768,5,15,785,2,150,0.0133,1234
ML-KEM-768,5,16,801,0,150,0.0,1234
ML-KEM-768,5,17,795,3,150,0.02,1234
ML-KEM-768,5,18,750,1,150,0.0067,1234
ML-KEM-768,5,19,757,1,150,0.0067,1234
ML-KEM-768,5,20,720,1,150,0.0067,1234
ML-KEM-768,5,21,741,7,150,0.0467,1234
ML-KEM-768,5,22,844,4,150,0.0267,1234
ML-KEM-768,5,23,775,3,150,0.02,1234
ML-KEM-768,5,24,751,3,150,0.02,1234
ML-KEM-768,5,25,801,0,150,0.0,1234
ML-KEM-768,5,26,734,2,150,0.0133,1234
ML-KEM-768,5,27,775,4,150,0.0267,1234
ML-KEM-768,5,28,782,2,150,0.0133,1234
ML-KEM-768,5,29,821,0,150,0.0,1234
ML-KEM-768,5,30,768,3,150,0.02,1234
ML-KEM-768,5,31,823,2,150,0.0133,1234
ML-KEM-768,5,32,822,2,150,0.0133,1234
ML-KEM-768,5,33,689,2,150,0.0133,1234
ML-KEM-768,5,34,781,4,150,0.0267,1234
ML-KEM-768,5,35,793,3,150,0.02,1234
ML-KEM-768,5,36,754,0,150,0.0,1234
ML-KEM-768,5,37,832,2,150,0.0133,1234
ML-KEM-768,5,38,785,1,150,0.0067,1234
ML-KEM-768,5,39,738,2,150,0.0133,1234
ML-KEM-768,5,40,800,3,150,0.02,1234
ML-KEM-768,5,41,783,1,150,0.0067,1234
ML-KEM-768,5,42,800,2,150,0.0133,1234
ML-KEM-768,5,43,797,2,150,0.0133,1234
ML-KEM-768,5,44,781,2,150,0.0133,1234
ML-KEM-768,5,45,798,2,150,0.0133,1234
ML-KEM-768,5,46,737,1,150,0.0067,1234
ML-KEM-768,5,47,756,0,150,0.0,1234
ML-KEM-768,5,48,741,2,150,0.0133,1234
ML-KEM-768,5,49,705,0,150,0.0,1234
ML-KEM-768,5,50,767,2,150,0.0133,1234
ML-KEM-768,5,51,755,1,150,0.0067,1234
ML-KEM-768,5,52,779,1,150,0.0067,1234
ML-KEM-768,5,53,752,0,150,0.0,1234
ML-KEM-768,5,54,762,4,150,0.0267,1234
ML-KEM-768,5,55,686,3,150,0.02,1234
ML-KEM-768,5,56,796,3,150,0.02,1234
ML-KEM-768,5,57,807,2,150,0.0133,1234
ML-KEM-768,5,58,743,1,150,0.0067,1234
ML-KEM-768,5,59,711,0,150,0.0,1234
ML-KEM-768,6,0,827,28,150,0.1867,1234
ML-KEM-768,6,1,759,19,150,0.1267,1234
ML-KEM-768,6,2,734,17,150,0.1133,1234
ML-KEM-768,6,3,809,25,150,0.1667,1234
ML-KEM-768,6,4,712,16,150,0.1067,1234
ML-KEM-768,6,5,743,24,150,0.16,1234
ML-KEM-768,6,6,787,32,150,0.2133,1234
ML-KEM-768,6,7,773,29,150,0.1933,1234
ML-KEM-768,6,8,758,28,150,0.1867,1234
ML-KEM-768,6,9,805,32,150,0.2133,1234
ML-KEM-768,6,10,720,21,150,0.14,1234
ML-KEM-768,6,11,802,18,150,0.12,1234
ML-KEM-768,6,12,725,33,150,0.22,1234
ML-KEM-768,6,13,756,23,150,0.1533,1234
ML-KEM-768,6,14,755,26,150,0.1733,1234
ML-KEM-768,6,15,796,25,150,0.1667,1234
ML-KEM-768,6,16,793,17,150,0.1133,1234
ML-KEM-768,6,17,705,28,150,0.1867,1234
ML-KEM-768,6,18,792,22,150,0.1467,1234
ML-KEM-768,6,19,725,22,150,0.1467,1234
ML-KEM-768,6,20,883,19,150,0.1267,1234
ML-KEM-768,6,21,778,16,150,0.1067,1234
ML-KEM-768,6,22,814,29,150,0.1933,1234
ML-KEM-768,6,23,825,30,150,0.2,1234
ML-KEM-768,6,24,735,20,150,0.1333,1234
ML-KEM-768,6,25,779,23,150,0.1533,1234
ML-KEM-768,6,26,766,28,150,0.1867,1234
ML-KEM-768,6,27,763,33,150,0.22,1234
ML-KEM-768,6,28,765,23,150,0.1533,1234
ML-KEM-768,6,29,781,27,150,0.18,1234
ML-KEM-768,6,30,779,27,150,0.18,1234
ML-KEM-768,6,31,702,22,150,0.1467,1234
ML-KEM-768,6,32,822,22,150,0.1467,1234
ML-KEM-768,6,33,795,20,150,0.1333,1234
ML-KEM-768,6,34,777,31,150,0.2067,1234
ML-KEM-768,6,35,785,24,150,0.16,1234
ML-KEM-768,6,36,755,23,150,0.1533,1234
ML-KEM-768,6,37,772,28,150,0.1867,1234
ML-KEM-768,6,38,819,24,150,0.16,1234
ML-KEM-768,6,39,755,36,150,0.24,1234
ML-KEM-768,6,40,760,19,150,0.1267,1234
ML-KEM-768,6,41,794,29,150,0.1933,1234
ML-KEM-768,6,42,738,27,150,0.18,1234
ML-KEM-768,6,43,807,24,150,0.16,1234
ML-KEM-768,6,44,747,22,150,0.1467,1234
ML-KEM-768,6,45,772,23,150,0.1533,1234
ML-KEM-768,6,46,795,24,150,0.16,1234
ML-KEM-768,6,47,729,14,150,0.0933,1234
ML-KEM-768,6,48,769,27,150,0.18,1234
ML-KEM-768,6,49,781,19,150,0.1267,1234
ML-KEM-768,6,50,765,19,150,0.1267,1234
ML-KEM-768,6,51,736,25,150,0.1667,1234
ML-KEM-768,6,52,777,14,150,0.0933,1234
ML-KEM-768,6,53,762,20,150,0.1333,1234
ML-KEM-768,6,54,773,28,150,0.1867,1234
ML-KEM-768,6,55,878,33,150,0.22,1234
ML-KEM-768,6,56,740,19,150,0.1267,1234
ML-KEM-768,6,57,752,16,150,0.1067,1234
ML-KEM-768,6,58,733,31,150,0.2067,1234
ML-KEM-768,6,59,750,23,150,0.1533,1234
ML-KEM-768,7,0,795,102,150,0.68,1234
ML-KEM-768,7,1,834,83,150,0.5533,1234
ML-KEM-768,7,2,799,72,150,0.48,1234
ML-KEM-768,7,3,705,71,150,0.4733,1234
ML-KEM-768,7,4,769,73,150,0.4867,1234
ML-KEM-768,7,5,739,67,150,0.4467,1234
ML-KEM-768,7,6,721,84,150,0.56,1234
ML-KEM-768,7,7,761,88,150,0.5867,1234
ML-KEM-768,7,8,777,95,150,0.6333,1234
ML-KEM-768,7,9,763,85,150,0.5667,1234
ML-KEM-768,7,10,782,93,150,0.62,1234
ML-KEM-768,7,11,723,80,150,0.5333,1234
ML-KEM-768,7,12,833,100,150,0.6667,1234
ML-KEM-768,7,13,799,99,150,0.66,1234
ML-KEM-768,7,14,750,90,150,0.6,1234
ML-KEM-768,7,15,696,56,150,0.3733,1234
ML-KEM-768,7,16,808,97,150,0.6467,1234
ML-KEM-768,7,17,739,82,150,0.5467,1234
ML-KEM-768,7,18,744,76,150,0.5067,1234
ML-KEM-768,7,19,771,83,150,0.5533,1234
ML-KEM-768,7,20,779,89,150,0.5933,1234
ML-KEM-768,7,21,781,72,150,0.48,1234
ML-KEM-768,7,22,732,64,150,0.4267,1234
ML-KEM-768,7,23,783,92,150,0.6133,1234
ML-KEM-768,7,24,718,80,150,0.5333,1234
ML-KEM-768,7,25,731,61,150,0.4067,1234
ML-KEM-768,7,26,721,85,150,0.5667,1234
ML-KEM-768,7,27,733,61,150,0.4067,1234
ML-KEM-768,7,28,760,80,150,0.5333,1234
ML-KEM-768,7,29,768,91,150,0.6067,1234
ML-KEM-768,7,30,776,79,150,0.5267,1234
ML-KEM-768,7,31,808,101,150,0.6733,1234
ML-KEM-768,7,32,803,75,150,0.5,1234
ML-KEM-768,7,33,780,90,150,0.6,1234
ML-KEM-768,7,34,782,89,150,0.5933,1234
ML-KEM-768,7,35,733,86,150,0.5733,1234
ML-KEM-768,7,36,760,71,150,0.4733,1234
ML-KEM-768,7,37,772,76,150,0.5067,1234
ML-KEM-768,7,38,742,72,150,0.48,1234
ML-KEM-768,7,39,767,79,150,0.5267,1234
ML-KEM-768,7,40,784,83,150,0.5533,1234
ML-KEM-768,7,41,749,77,150,0.5133,1234
ML-KEM-768,7,42,779,83,150,0.5533,1234
ML-KEM-768,7,43,820,93,150,0.62,1234
ML-KEM-768,7,44,770,79,150,0.5267,1234
ML-KEM-768,7,45,768,85,150,0.5667,1234
ML-KEM-768,7,46,759,77,150,0.5133,1234
ML-KEM-768,7,47,802,101,150,0.6733,1234
ML-KEM-768,7,48,749,73,150,0.4867,1234
ML-KEM-768,7,49,777,73,150,0.4867,1234
ML-KEM-768,7,50,752,81,150,0.54,1234
ML-KEM-768,7,51,705,68,150,0.4533,1234
ML-KEM-768,7,52,802,80,150,0.5333,1234
ML-KEM-768,7,53,777,86,150,0.5733,1234
ML-KEM-768,7,54,863,89,150,0.5933,1234
ML-KEM-768,7,55,663,69,150,0.46,1234
ML-KEM-768,7,56,754,93,150,0.62,1234
ML-KEM-768,7,57,754,96,150,0.64,1234
ML-KEM-768,7,58,809,82,150,0.5467,1234
ML-KEM-768,7,59,686,60,150,0.4,1234
